469,1,DNS_UPDATE_SUCCEEDED
488,1,DCOP_PLAN_PLUBLIED
511,1,RLG_PLAN_PUBLISHED
553,2,DNS_UPDATE_SUCCEEDED
33488,67,RLG_PLAN_PUBLISHED
33538,68,DNS_UPDATE_SUCCEEDED
34038,69,DNS_UPDATE_SUCCEEDED
36481,73,RLG_PLAN_PUBLISHED
36538,74,DNS_UPDATE_SUCCEEDED
93483,187,RLG_PLAN_PUBLISHED
93561,188,DNS_UPDATE_SUCCEEDED
94069,189,DNS_UPDATE_SUCCEEDED
96484,193,RLG_PLAN_PUBLISHED
96567,194,DNS_UPDATE_SUCCEEDED
120718,242,DCOP_PLAN_PLUBLIED
123487,247,RLG_PLAN_PUBLISHED
123594,248,DNS_UPDATE_SUCCEEDED
594530,1189,RLG_PLAN_PUBLISHED
594999,1190,DNS_UPDATE_SUCCEEDED
600524,1201,RLG_PLAN_PUBLISHED
601005,1202,DNS_UPDATE_SUCCEEDED
601499,1203,DNS_UPDATE_SUCCEEDED
603520,1207,RLG_PLAN_PUBLISHED
603996,1208,DNS_UPDATE_SUCCEEDED
606525,1213,RLG_PLAN_PUBLISHED
606998,1214,DNS_UPDATE_SUCCEEDED
609521,1219,RLG_PLAN_PUBLISHED
610011,1220,DNS_UPDATE_SUCCEEDED
610511,1221,DNS_UPDATE_SUCCEEDED
612525,1224,RLG_PLAN_PUBLISHED
612544,1225,DNS_UPDATE_SUCCEEDED
