timestamp, clientAddress, name_to_resolve, resolved_name
30008,clientPoolB,test-service,nodeA_c00
30223,clientPoolB,test-service,nodeA_c00
30254,clientPoolB,test-service,nodeA_c00
30285,clientPoolB,test-service,nodeA_c00
30313,clientPoolB,test-service,nodeA_c00
30338,clientPoolB,test-service,nodeA_c00
30370,clientPoolB,test-service,nodeA_c00
30416,clientPoolB,test-service,nodeA_c00
30449,clientPoolB,test-service,nodeA_c00
30483,clientPoolB,test-service,nodeA_c00
30515,clientPoolB,test-service,nodeA_c00
30552,clientPoolB,test-service,nodeA_c00
30580,clientPoolB,test-service,nodeA_c00
30615,clientPoolB,test-service,nodeA_c00
30651,clientPoolB,test-service,nodeA_c00
30682,clientPoolB,test-service,nodeA_c00
30709,clientPoolB,test-service,nodeA_c00
30743,clientPoolB,test-service,nodeA_c00
30776,clientPoolB,test-service,nodeA_c00
30805,clientPoolB,test-service,nodeA_c00
30840,clientPoolB,test-service,nodeA_c01
30900,clientPoolB,test-service,nodeA_c01
30928,clientPoolB,test-service,nodeA_c01
30955,clientPoolB,test-service,nodeA_c01
30986,clientPoolB,test-service,nodeA_c01
31022,clientPoolB,test-service,nodeA_c01
31060,clientPoolB,test-service,nodeA_c01
31087,clientPoolB,test-service,nodeA_c01
31120,clientPoolB,test-service,nodeA_c01
31151,clientPoolB,test-service,nodeA_c01
31186,clientPoolB,test-service,nodeA_c01
31226,clientPoolB,test-service,nodeA_c01
31264,clientPoolB,test-service,nodeA_c01
31303,clientPoolB,test-service,nodeA_c01
31346,clientPoolB,test-service,nodeA_c01
31380,clientPoolB,test-service,nodeA_c01
31411,clientPoolB,test-service,nodeA_c01
31440,clientPoolB,test-service,nodeA_c01
31469,clientPoolB,test-service,nodeA_c01
31504,clientPoolB,test-service,nodeA_c01
31558,clientPoolB,test-service,nodeA_c02
31609,clientPoolB,test-service,nodeA_c02
31658,clientPoolB,test-service,nodeA_c02
31691,clientPoolB,test-service,nodeA_c02
31724,clientPoolB,test-service,nodeA_c02
31752,clientPoolB,test-service,nodeA_c02
31786,clientPoolB,test-service,nodeA_c02
31823,clientPoolB,test-service,nodeA_c02
31853,clientPoolB,test-service,nodeA_c02
31891,clientPoolB,test-service,nodeA_c02
31931,clientPoolB,test-service,nodeA_c02
31955,clientPoolB,test-service,nodeA_c02
31991,clientPoolB,test-service,nodeA_c02
32025,clientPoolB,test-service,nodeA_c02
32056,clientPoolB,test-service,nodeA_c02
32093,clientPoolB,test-service,nodeA_c02
32135,clientPoolB,test-service,nodeA_c02
32176,clientPoolB,test-service,nodeA_c02
32207,clientPoolB,test-service,nodeA_c02
32241,clientPoolB,test-service,nodeA_c02
90002,clientPoolB,test-service,nodeA_c05
90123,clientPoolB,test-service,nodeA_c05
90163,clientPoolB,test-service,nodeA_c00
90223,clientPoolB,test-service,nodeA_c05
90265,clientPoolB,test-service,nodeA_c00
90311,clientPoolB,test-service,nodeA_c00
90345,clientPoolB,test-service,nodeA_c00
90382,clientPoolB,test-service,nodeA_c00
90413,clientPoolB,test-service,nodeA_c00
90448,clientPoolB,test-service,nodeA_c00
90489,clientPoolB,test-service,nodeA_c05
90520,clientPoolB,test-service,nodeA_c00
90552,clientPoolB,test-service,nodeA_c05
90582,clientPoolB,test-service,nodeA_c00
90627,clientPoolB,test-service,nodeA_c05
90654,clientPoolB,test-service,nodeA_c05
90684,clientPoolB,test-service,nodeA_c05
90716,clientPoolB,test-service,nodeA_c05
90741,clientPoolB,test-service,nodeA_c00
90778,clientPoolB,test-service,nodeA_c00
90813,clientPoolB,test-service,nodeA_c01
90844,clientPoolB,test-service,nodeA_c01
90872,clientPoolB,test-service,nodeA_c01
90909,clientPoolB,test-service,nodeA_c01
90950,clientPoolB,test-service,nodeA_c01
90986,clientPoolB,test-service,nodeA_c01
91021,clientPoolB,test-service,nodeA_c04
91052,clientPoolB,test-service,nodeA_c01
91083,clientPoolB,test-service,nodeA_c04
91116,clientPoolB,test-service,nodeA_c01
91150,clientPoolB,test-service,nodeA_c04
91179,clientPoolB,test-service,nodeA_c04
91215,clientPoolB,test-service,nodeA_c01
91250,clientPoolB,test-service,nodeA_c04
91289,clientPoolB,test-service,nodeA_c04
91334,clientPoolB,test-service,nodeA_c04
91364,clientPoolB,test-service,nodeA_c01
91397,clientPoolB,test-service,nodeA_c01
91458,clientPoolB,test-service,nodeA_c04
91505,clientPoolB,test-service,nodeA_c04
91544,clientPoolB,test-service,nodeA_c02
91580,clientPoolB,test-service,nodeA_c02
91642,clientPoolB,test-service,nodeA_c02
91680,clientPoolB,test-service,nodeA_c02
91731,clientPoolB,test-service,nodeA_c02
91775,clientPoolB,test-service,nodeA_c03
91833,clientPoolB,test-service,nodeA_c02
91877,clientPoolB,test-service,nodeA_c03
91923,clientPoolB,test-service,nodeA_c02
91954,clientPoolB,test-service,nodeA_c02
91999,clientPoolB,test-service,nodeA_c03
92044,clientPoolB,test-service,nodeA_c02
92083,clientPoolB,test-service,nodeA_c03
92114,clientPoolB,test-service,nodeA_c03
92149,clientPoolB,test-service,nodeA_c03
92191,clientPoolB,test-service,nodeA_c03
92225,clientPoolB,test-service,nodeA_c03
92258,clientPoolB,test-service,nodeA_c03
92303,clientPoolB,test-service,nodeA_c02
92329,clientPoolB,test-service,nodeA_c02
150002,clientPoolB,test-service,nodeB_c01
150065,clientPoolB,test-service,nodeB_c01
150090,clientPoolB,test-service,nodeB_c01
150120,clientPoolB,test-service,nodeB_c01
150149,clientPoolB,test-service,nodeB_c01
150182,clientPoolB,test-service,nodeB_c01
150211,clientPoolB,test-service,nodeB_c01
150242,clientPoolB,test-service,nodeB_c01
150272,clientPoolB,test-service,nodeB_c01
150297,clientPoolB,test-service,nodeB_c01
150326,clientPoolB,test-service,nodeB_c01
150354,clientPoolB,test-service,nodeB_c01
150382,clientPoolB,test-service,nodeB_c01
150411,clientPoolB,test-service,nodeB_c01
150439,clientPoolB,test-service,nodeB_c01
150492,clientPoolB,test-service,nodeB_c01
150541,clientPoolB,test-service,nodeB_c01
150577,clientPoolB,test-service,nodeB_c01
150628,clientPoolB,test-service,nodeB_c01
150663,clientPoolB,test-service,nodeB_c01
150696,clientPoolB,test-service,nodeB_c00
150741,clientPoolB,test-service,nodeB_c00
150784,clientPoolB,test-service,nodeB_c00
150828,clientPoolB,test-service,nodeB_c00
150870,clientPoolB,test-service,nodeB_c00
150912,clientPoolB,test-service,nodeB_c00
150957,clientPoolB,test-service,nodeB_c00
150993,clientPoolB,test-service,nodeB_c00
151043,clientPoolB,test-service,nodeB_c00
151102,clientPoolB,test-service,nodeB_c00
151155,clientPoolB,test-service,nodeB_c00
151198,clientPoolB,test-service,nodeB_c00
151232,clientPoolB,test-service,nodeB_c00
151269,clientPoolB,test-service,nodeB_c00
151307,clientPoolB,test-service,nodeB_c00
151339,clientPoolB,test-service,nodeB_c00
151381,clientPoolB,test-service,nodeB_c00
151415,clientPoolB,test-service,nodeB_c00
151450,clientPoolB,test-service,nodeB_c00
151485,clientPoolB,test-service,nodeB_c00
151519,clientPoolB,test-service,nodeB_c02
151562,clientPoolB,test-service,nodeB_c02
151616,clientPoolB,test-service,nodeB_c02
151685,clientPoolB,test-service,nodeB_c02
151742,clientPoolB,test-service,nodeB_c02
151794,clientPoolB,test-service,nodeB_c02
151836,clientPoolB,test-service,nodeB_c02
151878,clientPoolB,test-service,nodeB_c02
151922,clientPoolB,test-service,nodeB_c02
151967,clientPoolB,test-service,nodeB_c02
152004,clientPoolB,test-service,nodeB_c02
152034,clientPoolB,test-service,nodeB_c02
152068,clientPoolB,test-service,nodeB_c02
152104,clientPoolB,test-service,nodeB_c02
152134,clientPoolB,test-service,nodeB_c02
152161,clientPoolB,test-service,nodeB_c02
152202,clientPoolB,test-service,nodeB_c02
152241,clientPoolB,test-service,nodeB_c02
152272,clientPoolB,test-service,nodeB_c02
152310,clientPoolB,test-service,nodeB_c02
210005,clientPoolB,test-service,nodeB_c05
210072,clientPoolB,test-service,nodeB_c05
210109,clientPoolB,test-service,nodeB_c02
210163,clientPoolB,test-service,nodeB_c02
210211,clientPoolB,test-service,nodeB_c02
210265,clientPoolB,test-service,nodeB_c02
210302,clientPoolB,test-service,nodeB_c05
210333,clientPoolB,test-service,nodeB_c02
210365,clientPoolB,test-service,nodeB_c02
210393,clientPoolB,test-service,nodeB_c05
210439,clientPoolB,test-service,nodeB_c02
210481,clientPoolB,test-service,nodeB_c02
210515,clientPoolB,test-service,nodeB_c02
210549,clientPoolB,test-service,nodeB_c05
210583,clientPoolB,test-service,nodeB_c05
210616,clientPoolB,test-service,nodeB_c05
210654,clientPoolB,test-service,nodeB_c02
210684,clientPoolB,test-service,nodeB_c05
210715,clientPoolB,test-service,nodeB_c02
210743,clientPoolB,test-service,nodeB_c05
210778,clientPoolB,test-service,nodeB_c01
210819,clientPoolB,test-service,nodeB_c01
210856,clientPoolB,test-service,nodeB_c01
210901,clientPoolB,test-service,nodeB_c01
210962,clientPoolB,test-service,nodeB_c04
211011,clientPoolB,test-service,nodeB_c04
211047,clientPoolB,test-service,nodeB_c04
211075,clientPoolB,test-service,nodeB_c04
211112,clientPoolB,test-service,nodeB_c01
211141,clientPoolB,test-service,nodeB_c04
211167,clientPoolB,test-service,nodeB_c01
211191,clientPoolB,test-service,nodeB_c04
211223,clientPoolB,test-service,nodeB_c01
211249,clientPoolB,test-service,nodeB_c04
211276,clientPoolB,test-service,nodeB_c01
211299,clientPoolB,test-service,nodeB_c01
211329,clientPoolB,test-service,nodeB_c01
211363,clientPoolB,test-service,nodeB_c04
211387,clientPoolB,test-service,nodeB_c01
211410,clientPoolB,test-service,nodeB_c04
211433,clientPoolB,test-service,nodeB_c00
211463,clientPoolB,test-service,nodeB_c00
211490,clientPoolB,test-service,nodeB_c03
211528,clientPoolB,test-service,nodeB_c00
211554,clientPoolB,test-service,nodeB_c03
211585,clientPoolB,test-service,nodeB_c00
211620,clientPoolB,test-service,nodeB_c00
211662,clientPoolB,test-service,nodeB_c03
211697,clientPoolB,test-service,nodeB_c00
211729,clientPoolB,test-service,nodeB_c00
211753,clientPoolB,test-service,nodeB_c03
211783,clientPoolB,test-service,nodeB_c03
211810,clientPoolB,test-service,nodeB_c03
211858,clientPoolB,test-service,nodeB_c00
211887,clientPoolB,test-service,nodeB_c03
211915,clientPoolB,test-service,nodeB_c00
211943,clientPoolB,test-service,nodeB_c03
211988,clientPoolB,test-service,nodeB_c00
212031,clientPoolB,test-service,nodeB_c03
212061,clientPoolB,test-service,nodeB_c00
270003,clientPoolB,test-service,nodeB_c02
270087,clientPoolB,test-service,nodeB_c08
270141,clientPoolB,test-service,nodeB_c05
270181,clientPoolB,test-service,nodeB_c02
270216,clientPoolB,test-service,nodeB_c08
270242,clientPoolB,test-service,nodeB_c05
270278,clientPoolB,test-service,nodeB_c05
270316,clientPoolB,test-service,nodeB_c05
270349,clientPoolB,test-service,nodeB_c08
270380,clientPoolB,test-service,nodeB_c08
270411,clientPoolB,test-service,nodeB_c05
270445,clientPoolB,test-service,nodeB_c02
270481,clientPoolB,test-service,nodeB_c08
270511,clientPoolB,test-service,nodeB_c05
270540,clientPoolB,test-service,nodeB_c08
270568,clientPoolB,test-service,nodeB_c08
270600,clientPoolB,test-service,nodeB_c02
270631,clientPoolB,test-service,nodeB_c08
270660,clientPoolB,test-service,nodeB_c08
270690,clientPoolB,test-service,nodeB_c02
270721,clientPoolB,test-service,nodeB_c04
270749,clientPoolB,test-service,nodeB_c01
270786,clientPoolB,test-service,nodeB_c01
270825,clientPoolB,test-service,nodeB_c01
270859,clientPoolB,test-service,nodeB_c01
270891,clientPoolB,test-service,nodeB_c07
270933,clientPoolB,test-service,nodeB_c07
270978,clientPoolB,test-service,nodeB_c01
271018,clientPoolB,test-service,nodeB_c07
271047,clientPoolB,test-service,nodeB_c01
271077,clientPoolB,test-service,nodeB_c04
271117,clientPoolB,test-service,nodeB_c04
271174,clientPoolB,test-service,nodeB_c04
271203,clientPoolB,test-service,nodeB_c04
271243,clientPoolB,test-service,nodeB_c01
271276,clientPoolB,test-service,nodeB_c04
271312,clientPoolB,test-service,nodeB_c01
271344,clientPoolB,test-service,nodeB_c07
271378,clientPoolB,test-service,nodeB_c04
271411,clientPoolB,test-service,nodeB_c01
271449,clientPoolB,test-service,nodeB_c03
271480,clientPoolB,test-service,nodeB_c06
271545,clientPoolB,test-service,nodeB_c03
271577,clientPoolB,test-service,nodeB_c03
271619,clientPoolB,test-service,nodeB_c06
271656,clientPoolB,test-service,nodeB_c06
271688,clientPoolB,test-service,nodeB_c00
271719,clientPoolB,test-service,nodeB_c06
271759,clientPoolB,test-service,nodeB_c06
271790,clientPoolB,test-service,nodeB_c06
271820,clientPoolB,test-service,nodeB_c00
271849,clientPoolB,test-service,nodeB_c03
271899,clientPoolB,test-service,nodeB_c00
271938,clientPoolB,test-service,nodeB_c00
271968,clientPoolB,test-service,nodeB_c06
272002,clientPoolB,test-service,nodeB_c03
272046,clientPoolB,test-service,nodeB_c03
272083,clientPoolB,test-service,nodeB_c03
272123,clientPoolB,test-service,nodeB_c06
272155,clientPoolB,test-service,nodeB_c00
330002,clientPoolB,test-service,nodeB_c08
330045,clientPoolB,test-service,nodeB_c02
330073,clientPoolB,test-service,nodeB_c08
330102,clientPoolB,test-service,nodeB_c11
330137,clientPoolB,test-service,nodeB_c13
330168,clientPoolB,test-service,nodeB_c13
330198,clientPoolB,test-service,nodeB_c05
330229,clientPoolB,test-service,nodeB_c02
330253,clientPoolB,test-service,nodeB_c05
330279,clientPoolB,test-service,nodeB_c05
330303,clientPoolB,test-service,nodeB_c05
330336,clientPoolB,test-service,nodeB_c02
330362,clientPoolB,test-service,nodeB_c13
330386,clientPoolB,test-service,nodeB_c13
330419,clientPoolB,test-service,nodeB_c11
330441,clientPoolB,test-service,nodeB_c08
330467,clientPoolB,test-service,nodeB_c11
330495,clientPoolB,test-service,nodeB_c13
330524,clientPoolB,test-service,nodeB_c08
330550,clientPoolB,test-service,nodeB_c02
330577,clientPoolB,test-service,nodeB_c01
330609,clientPoolB,test-service,nodeB_c07
330642,clientPoolB,test-service,nodeB_c10
330681,clientPoolB,test-service,nodeB_c10
330708,clientPoolB,test-service,nodeB_c07
330734,clientPoolB,test-service,nodeB_c07
330760,clientPoolB,test-service,nodeB_c04
330790,clientPoolB,test-service,nodeB_c01
330816,clientPoolB,test-service,nodeB_c01
330841,clientPoolB,test-service,nodeB_c01
330865,clientPoolB,test-service,nodeB_c04
330890,clientPoolB,test-service,nodeB_c10
330915,clientPoolB,test-service,nodeB_c10
330941,clientPoolB,test-service,nodeB_c10
330971,clientPoolB,test-service,nodeB_c07
330998,clientPoolB,test-service,nodeB_c10
331024,clientPoolB,test-service,nodeB_c04
331050,clientPoolB,test-service,nodeB_c04
331075,clientPoolB,test-service,nodeB_c04
331100,clientPoolB,test-service,nodeB_c01
331125,clientPoolB,test-service,nodeB_c03
331151,clientPoolB,test-service,nodeB_c06
331209,clientPoolB,test-service,nodeB_c09
331246,clientPoolB,test-service,nodeB_c09
331275,clientPoolB,test-service,nodeB_c12
331338,clientPoolB,test-service,nodeB_c00
331366,clientPoolB,test-service,nodeB_c00
331391,clientPoolB,test-service,nodeB_c06
331418,clientPoolB,test-service,nodeB_c03
331445,clientPoolB,test-service,nodeB_c12
331480,clientPoolB,test-service,nodeB_c12
331508,clientPoolB,test-service,nodeB_c00
331534,clientPoolB,test-service,nodeB_c06
331559,clientPoolB,test-service,nodeB_c09
331611,clientPoolB,test-service,nodeB_c03
331637,clientPoolB,test-service,nodeB_c00
331665,clientPoolB,test-service,nodeB_c03
331696,clientPoolB,test-service,nodeB_c06
331734,clientPoolB,test-service,nodeB_c00
331775,clientPoolB,test-service,nodeB_c00
390002,clientPoolB,test-service,nodeB_c01
390037,clientPoolB,test-service,nodeB_c14
390080,clientPoolB,test-service,nodeB_c14
390109,clientPoolB,test-service,nodeB_c07
390138,clientPoolB,test-service,nodeB_c14
390167,clientPoolB,test-service,nodeB_c07
390194,clientPoolB,test-service,nodeB_c01
390224,clientPoolB,test-service,nodeB_c10
390248,clientPoolB,test-service,nodeB_c10
390273,clientPoolB,test-service,nodeB_c07
390302,clientPoolB,test-service,nodeB_c14
390328,clientPoolB,test-service,nodeB_c04
390355,clientPoolB,test-service,nodeB_c01
390381,clientPoolB,test-service,nodeB_c07
390407,clientPoolB,test-service,nodeB_c01
390434,clientPoolB,test-service,nodeB_c10
390464,clientPoolB,test-service,nodeB_c14
390490,clientPoolB,test-service,nodeB_c04
390521,clientPoolB,test-service,nodeB_c01
390548,clientPoolB,test-service,nodeB_c04
390573,clientPoolB,test-service,nodeB_c03
390600,clientPoolB,test-service,nodeB_c12
390629,clientPoolB,test-service,nodeB_c06
390662,clientPoolB,test-service,nodeB_c06
390690,clientPoolB,test-service,nodeB_c12
390716,clientPoolB,test-service,nodeB_c12
390741,clientPoolB,test-service,nodeB_c06
390766,clientPoolB,test-service,nodeB_c12
390794,clientPoolB,test-service,nodeB_c09
390823,clientPoolB,test-service,nodeB_c03
390853,clientPoolB,test-service,nodeB_c00
390877,clientPoolB,test-service,nodeB_c09
390903,clientPoolB,test-service,nodeB_c09
390928,clientPoolB,test-service,nodeB_c16
390960,clientPoolB,test-service,nodeB_c00
390988,clientPoolB,test-service,nodeB_c00
391015,clientPoolB,test-service,nodeB_c06
391043,clientPoolB,test-service,nodeB_c16
391070,clientPoolB,test-service,nodeB_c06
391097,clientPoolB,test-service,nodeB_c00
391124,clientPoolB,test-service,nodeB_c13
391153,clientPoolB,test-service,nodeB_c02
391179,clientPoolB,test-service,nodeB_c05
391209,clientPoolB,test-service,nodeB_c15
391240,clientPoolB,test-service,nodeB_c05
391269,clientPoolB,test-service,nodeB_c13
391295,clientPoolB,test-service,nodeB_c15
391322,clientPoolB,test-service,nodeB_c08
391355,clientPoolB,test-service,nodeB_c13
391382,clientPoolB,test-service,nodeB_c13
391412,clientPoolB,test-service,nodeB_c13
391445,clientPoolB,test-service,nodeB_c05
391472,clientPoolB,test-service,nodeB_c02
391497,clientPoolB,test-service,nodeB_c13
391522,clientPoolB,test-service,nodeB_c13
391546,clientPoolB,test-service,nodeB_c15
391573,clientPoolB,test-service,nodeB_c05
391603,clientPoolB,test-service,nodeB_c11
391641,clientPoolB,test-service,nodeB_c11
391671,clientPoolB,test-service,nodeB_c08
450001,clientPoolB,test-service,nodeB_c14
450050,clientPoolB,test-service,nodeB_c14
450085,clientPoolB,test-service,nodeB_c14
450113,clientPoolB,test-service,nodeB_c19
450145,clientPoolB,test-service,nodeB_c10
450170,clientPoolB,test-service,nodeB_c14
450194,clientPoolB,test-service,nodeB_c04
450225,clientPoolB,test-service,nodeB_c01
450252,clientPoolB,test-service,nodeB_c04
450276,clientPoolB,test-service,nodeB_c18
450316,clientPoolB,test-service,nodeB_c14
450352,clientPoolB,test-service,nodeB_c19
450379,clientPoolB,test-service,nodeB_c01
450408,clientPoolB,test-service,nodeB_c07
450435,clientPoolB,test-service,nodeB_c07
450461,clientPoolB,test-service,nodeB_c01
450503,clientPoolB,test-service,nodeB_c19
450526,clientPoolB,test-service,nodeB_c14
450553,clientPoolB,test-service,nodeB_c18
450584,clientPoolB,test-service,nodeB_c19
450619,clientPoolB,test-service,nodeB_c08
450644,clientPoolB,test-service,nodeB_c15
450671,clientPoolB,test-service,nodeB_c08
450711,clientPoolB,test-service,nodeB_c02
450745,clientPoolB,test-service,nodeB_c15
450771,clientPoolB,test-service,nodeB_c02
450800,clientPoolB,test-service,nodeB_c02
450825,clientPoolB,test-service,nodeB_c05
450859,clientPoolB,test-service,nodeB_c02
450891,clientPoolB,test-service,nodeB_c08
450918,clientPoolB,test-service,nodeB_c11
450946,clientPoolB,test-service,nodeB_c13
450979,clientPoolB,test-service,nodeB_c13
451003,clientPoolB,test-service,nodeB_c02
451038,clientPoolB,test-service,nodeB_c08
451082,clientPoolB,test-service,nodeB_c08
451110,clientPoolB,test-service,nodeB_c05
451144,clientPoolB,test-service,nodeB_c05
451172,clientPoolB,test-service,nodeB_c13
451201,clientPoolB,test-service,nodeB_c02
451233,clientPoolB,test-service,nodeB_c06
451264,clientPoolB,test-service,nodeB_c09
451296,clientPoolB,test-service,nodeB_c16
451323,clientPoolB,test-service,nodeB_c00
451355,clientPoolB,test-service,nodeB_c12
451386,clientPoolB,test-service,nodeB_c12
451414,clientPoolB,test-service,nodeB_c17
451448,clientPoolB,test-service,nodeB_c16
451478,clientPoolB,test-service,nodeB_c03
451512,clientPoolB,test-service,nodeB_c06
451540,clientPoolB,test-service,nodeB_c00
451568,clientPoolB,test-service,nodeB_c16
451598,clientPoolB,test-service,nodeB_c16
451626,clientPoolB,test-service,nodeB_c06
451656,clientPoolB,test-service,nodeB_c00
451686,clientPoolB,test-service,nodeB_c03
451715,clientPoolB,test-service,nodeB_c00
451740,clientPoolB,test-service,nodeB_c16
451778,clientPoolB,test-service,nodeB_c09
451814,clientPoolB,test-service,nodeB_c09
510004,clientPoolB,test-service,nodeB_c12
510040,clientPoolB,test-service,nodeB_c17
510072,clientPoolB,test-service,nodeB_c00
510103,clientPoolB,test-service,nodeB_c09
510132,clientPoolB,test-service,nodeB_c00
510158,clientPoolB,test-service,nodeB_c12
510183,clientPoolB,test-service,nodeB_c06
510209,clientPoolB,test-service,nodeB_c12
510238,clientPoolB,test-service,nodeB_c00
510267,clientPoolB,test-service,nodeB_c00
510290,clientPoolB,test-service,nodeB_c03
510327,clientPoolB,test-service,nodeB_c11
510367,clientPoolB,test-service,nodeB_c16
510394,clientPoolB,test-service,nodeB_c00
510423,clientPoolB,test-service,nodeB_c11
510449,clientPoolB,test-service,nodeB_c02
510485,clientPoolB,test-service,nodeB_c17
510512,clientPoolB,test-service,nodeB_c06
510549,clientPoolB,test-service,nodeB_c17
510574,clientPoolB,test-service,nodeB_c11
510608,clientPoolB,test-service,nodeB_c08
510635,clientPoolB,test-service,nodeB_c05
510659,clientPoolB,test-service,nodeB_c08
510686,clientPoolB,test-service,nodeB_c08
510723,clientPoolB,test-service,nodeB_c08
510752,clientPoolB,test-service,nodeB_c08
510779,clientPoolB,test-service,nodeB_c08
510806,clientPoolB,test-service,nodeB_c08
510831,clientPoolB,test-service,nodeB_c05
510856,clientPoolB,test-service,nodeB_c08
510880,clientPoolB,test-service,nodeB_c05
510908,clientPoolB,test-service,nodeB_c05
510937,clientPoolB,test-service,nodeB_c05
510964,clientPoolB,test-service,nodeB_c08
510988,clientPoolB,test-service,nodeB_c08
511014,clientPoolB,test-service,nodeB_c08
511038,clientPoolB,test-service,nodeB_c05
511064,clientPoolB,test-service,nodeB_c05
511094,clientPoolB,test-service,nodeB_c08
511123,clientPoolB,test-service,nodeB_c08
511148,clientPoolB,test-service,nodeB_c01
511174,clientPoolB,test-service,nodeB_c07
511203,clientPoolB,test-service,nodeB_c18
511229,clientPoolB,test-service,nodeB_c19
511254,clientPoolB,test-service,nodeB_c10
511290,clientPoolB,test-service,nodeB_c07
511320,clientPoolB,test-service,nodeB_c01
511350,clientPoolB,test-service,nodeB_c04
511380,clientPoolB,test-service,nodeB_c07
511410,clientPoolB,test-service,nodeB_c01
511440,clientPoolB,test-service,nodeB_c18
511469,clientPoolB,test-service,nodeB_c15
511499,clientPoolB,test-service,nodeB_c19
511524,clientPoolB,test-service,nodeB_c19
511550,clientPoolB,test-service,nodeB_c10
511579,clientPoolB,test-service,nodeB_c07
511620,clientPoolB,test-service,nodeB_c07
511648,clientPoolB,test-service,nodeB_c10
511679,clientPoolB,test-service,nodeB_c15
511706,clientPoolB,test-service,nodeB_c14
570001,clientPoolB,test-service,nodeB_c09
570027,clientPoolB,test-service,nodeB_c11
570070,clientPoolB,test-service,nodeB_c09
570094,clientPoolB,test-service,nodeB_c16
570117,clientPoolB,test-service,nodeB_c02
570142,clientPoolB,test-service,nodeB_c03
570171,clientPoolB,test-service,nodeB_c12
570198,clientPoolB,test-service,nodeB_c03
570222,clientPoolB,test-service,nodeB_c00
570250,clientPoolB,test-service,nodeB_c12
570277,clientPoolB,test-service,nodeB_c00
570300,clientPoolB,test-service,nodeB_c09
570329,clientPoolB,test-service,nodeB_c16
570354,clientPoolB,test-service,nodeB_c00
570384,clientPoolB,test-service,nodeB_c16
570411,clientPoolB,test-service,nodeB_c03
570439,clientPoolB,test-service,nodeB_c11
570468,clientPoolB,test-service,nodeB_c02
570493,clientPoolB,test-service,nodeB_c11
570518,clientPoolB,test-service,nodeB_c17
570545,clientPoolB,test-service,nodeB_c14
570572,clientPoolB,test-service,nodeB_c07
570602,clientPoolB,test-service,nodeB_c19
570627,clientPoolB,test-service,nodeB_c13
570654,clientPoolB,test-service,nodeB_c19
570680,clientPoolB,test-service,nodeB_c04
570706,clientPoolB,test-service,nodeB_c01
570733,clientPoolB,test-service,nodeB_c14
570759,clientPoolB,test-service,nodeB_c19
570784,clientPoolB,test-service,nodeB_c14
570823,clientPoolB,test-service,nodeB_c18
570853,clientPoolB,test-service,nodeB_c15
570877,clientPoolB,test-service,nodeB_c15
570908,clientPoolB,test-service,nodeB_c10
570934,clientPoolB,test-service,nodeB_c18
570960,clientPoolB,test-service,nodeB_c13
570986,clientPoolB,test-service,nodeB_c14
571014,clientPoolB,test-service,nodeB_c10
571039,clientPoolB,test-service,nodeB_c18
571063,clientPoolB,test-service,nodeB_c15
571089,clientPoolB,test-service,nodeB_c05
571115,clientPoolB,test-service,nodeB_c05
571144,clientPoolB,test-service,nodeB_c05
571168,clientPoolB,test-service,nodeB_c05
571196,clientPoolB,test-service,nodeB_c05
571220,clientPoolB,test-service,nodeB_c05
571246,clientPoolB,test-service,nodeB_c05
571273,clientPoolB,test-service,nodeB_c05
571298,clientPoolB,test-service,nodeB_c05
571323,clientPoolB,test-service,nodeB_c05
571350,clientPoolB,test-service,nodeB_c05
571377,clientPoolB,test-service,nodeB_c05
571407,clientPoolB,test-service,nodeB_c05
571431,clientPoolB,test-service,nodeB_c05
571462,clientPoolB,test-service,nodeB_c05
571486,clientPoolB,test-service,nodeB_c05
571512,clientPoolB,test-service,nodeB_c05
571540,clientPoolB,test-service,nodeB_c05
571565,clientPoolB,test-service,nodeB_c05
571591,clientPoolB,test-service,nodeB_c05
